geo;date;values
Allemagne;1996-01-01;100,0000000000000
Espagne;1996-01-01;100,0000000000000
France;1996-01-01;100,0000000000000
Italie;1996-01-01;100,0000000000000
Allemagne;1996-02-01;100,3190810465858
Espagne;1996-02-01;101,9469026548673
France;1996-02-01;99,6538871139510
Italie;1996-02-01;100,0000000000000
Allemagne;1996-03-01;100,3031269942565
Espagne;1996-03-01;102,3491552695093
France;1996-03-01;101,2513312034079
Italie;1996-03-01;101,4900662251656
Allemagne;1996-04-01;100,1116783663050
Espagne;1996-04-01;102,3491552695093
France;1996-04-01;100,7055378061768
Italie;1996-04-01;101,3245033112583
Allemagne;1996-05-01;100,1754945756222
Espagne;1996-05-01;102,2526146419952
France;1996-05-01;101,0516506922258
Italie;1996-05-01;101,3245033112583
Allemagne;1996-06-01;100,2074026802808
Espagne;1996-06-01;102,9766693483508
France;1996-06-01;101,6107561235357
Italie;1996-06-01;102,3178807947020
Allemagne;1996-07-01;100,0478621569879
Espagne;1996-07-01;103,1697506033789
France;1996-07-01;100,8785942492013
Italie;1996-07-01;102,4834437086093
Allemagne;1996-08-01;100,0319081046586
Espagne;1996-08-01;103,3789219629928
France;1996-08-01;100,1996805111821
Italie;1996-08-01;102,4834437086093
Allemagne;1996-09-01;99,8085513720485
Espagne;1996-09-01;103,1697506033789
France;1996-09-01;99,8935037273695
Italie;1996-09-01;102,4834437086093
Allemagne;1996-10-01;99,7287811104020
Espagne;1996-10-01;103,1697506033789
France;1996-10-01;102,4494142705005
Italie;1996-10-01;102,3178807947020
Allemagne;1996-11-01;99,1065730695597
Espagne;1996-11-01;103,1697506033789
France;1996-11-01;98,8951011714590
Italie;1996-11-01;102,9801324503311
Allemagne;1996-12-01;99,1384811742183
Espagne;1996-12-01;103,9903459372486
France;1996-12-01;98,9483493077742
Italie;1996-12-01;103,1456953642384
Allemagne;1997-01-01;99,1065730695597
Espagne;1997-01-01;104,8270313757040
France;1997-01-01;98,4025559105431
Italie;1997-01-01;99,6688741721854
Allemagne;1997-02-01;98,9789406509253
Espagne;1997-02-01;104,6178600160901
France;1997-02-01;98,1230031948882
Italie;1997-02-01;99,6688741721854
Allemagne;1997-03-01;98,9470325462668
Espagne;1997-03-01;104,5052292839903
France;1997-03-01;99,0681576144835
Italie;1997-03-01;100,3311258278146
Allemagne;1997-04-01;98,9310784939375
Espagne;1997-04-01;104,7144006436042
France;1997-04-01;98,8152289669862
Italie;1997-04-01;100,3311258278146
Allemagne;1997-05-01;99,6011486917677
Espagne;1997-05-01;104,7144006436042
France;1997-05-01;97,8035143769968
Italie;1997-05-01;100,4966887417219
Allemagne;1997-06-01;99,7606892150606
Espagne;1997-06-01;104,7144006436042
France;1997-06-01;97,4707135250266
Italie;1997-06-01;100,4966887417219
Allemagne;1997-07-01;99,9521378430121
Espagne;1997-07-01;104,3121480289622
France;1997-07-01;97,4440894568690
Italie;1997-07-01;100,4966887417219
Allemagne;1997-08-01;99,8883216336950
Espagne;1997-08-01;104,4086886564763
France;1997-08-01;97,4973375931842
Italie;1997-08-01;100,3311258278146
Allemagne;1997-09-01;99,6011486917677
Espagne;1997-09-01;104,7144006436042
France;1997-09-01;98,0564430244941
Italie;1997-09-01;100,4966887417219
Allemagne;1997-10-01;99,5532865347798
Espagne;1997-10-01;104,8270313757040
France;1997-10-01;98,0031948881789
Italie;1997-10-01;102,3178807947020
Allemagne;1997-11-01;99,5373324824505
Espagne;1997-11-01;105,0201126307321
France;1997-11-01;97,4707135250266
Italie;1997-11-01;102,3178807947020
Allemagne;1997-12-01;99,5054243777920
Espagne;1997-12-01;105,1327433628319
France;1997-12-01;97,6437699680511
Italie;1997-12-01;102,3178807947020
Allemagne;1998-01-01;99,5213784301212
Espagne;1998-01-01;105,4384553499598
France;1998-01-01;97,2976570820021
Italie;1998-01-01;102,3178807947020
Allemagne;1998-02-01;99,7447351627313
Espagne;1998-02-01;105,3258246178600
France;1998-02-01;99,2012779552716
Italie;1998-02-01;104,9668874172185
Allemagne;1998-03-01;99,4097000638162
Espagne;1998-03-01;105,1327433628319
France;1998-03-01;99,4009584664537
Italie;1998-03-01;104,9668874172185
Allemagne;1998-04-01;100,4307594128909
Espagne;1998-04-01;105,2292839903459
France;1998-04-01;99,5607028753994
Italie;1998-04-01;104,9668874172185
Allemagne;1998-05-01;100,7498404594767
Espagne;1998-05-01;105,2292839903459
France;1998-05-01;99,0947816826411
Italie;1998-05-01;104,9668874172185
Allemagne;1998-06-01;101,0848755583918
Espagne;1998-06-01;105,2292839903459
France;1998-06-01;98,6288604898829
Italie;1998-06-01;104,9668874172185
Allemagne;1998-07-01;101,3241863433312
Espagne;1998-07-01;105,4384553499598
France;1998-07-01;99,4142705005325
Italie;1998-07-01;103,9735099337748
Allemagne;1998-08-01;101,3560944479898
Espagne;1998-08-01;105,7441673370877
France;1998-08-01;99,6139510117146
Italie;1998-08-01;104,9668874172185
Allemagne;1998-09-01;101,3720485003191
Espagne;1998-09-01;105,4384553499598
France;1998-09-01;99,2678381256656
Italie;1998-09-01;104,9668874172185
Allemagne;1998-10-01;101,3880025526484
Espagne;1998-10-01;105,6476267095736
France;1998-10-01;98,2561235356763
Italie;1998-10-01;103,6423841059603
Allemagne;1998-11-01;101,4039566049777
Espagne;1998-11-01;105,6476267095736
France;1998-11-01;98,5889243876464
Italie;1998-11-01;103,4768211920530
Allemagne;1998-12-01;101,3880025526484
Espagne;1998-12-01;105,7441673370877
France;1998-12-01;98,3359957401491
Italie;1998-12-01;103,4768211920530
Allemagne;1999-01-01;100,9093809827696
Espagne;1999-01-01;105,8407079646018
France;1999-01-01;98,1096911608094
Italie;1999-01-01;103,4768211920530
Allemagne;1999-02-01;101,1805998723676
Espagne;1999-02-01;105,9533386967015
France;1999-02-01;98,0431309904153
Italie;1999-02-01;103,9735099337748
Allemagne;1999-03-01;101,2763241863433
Espagne;1999-03-01;105,7441673370877
France;1999-03-01;97,8966986155485
Italie;1999-03-01;104,1390728476821
Allemagne;1999-04-01;101,1167836630504
Espagne;1999-04-01;106,1464199517297
France;1999-04-01;97,5638977635783
Italie;1999-04-01;103,9735099337748
Allemagne;1999-05-01;101,1008296107211
Espagne;1999-05-01;105,8407079646018
France;1999-05-01;97,4041533546326
Italie;1999-05-01;104,3046357615894
Allemagne;1999-06-01;101,0689215060625
Espagne;1999-06-01;106,0498793242156
France;1999-06-01;97,8966986155485
Italie;1999-06-01;104,3046357615894
Allemagne;1999-07-01;100,9572431397575
Espagne;1999-07-01;106,1464199517297
France;1999-07-01;97,7236421725240
Italie;1999-07-01;105,1324503311258
Allemagne;1999-08-01;101,8028079132100
Espagne;1999-08-01;106,2590506838295
France;1999-08-01;97,6837060702875
Italie;1999-08-01;105,1324503311258
Allemagne;1999-09-01;101,4837268666241
Espagne;1999-09-01;106,3555913113435
France;1999-09-01;97,6837060702875
Italie;1999-09-01;105,1324503311258
Allemagne;1999-10-01;101,5954052329292
Espagne;1999-10-01;106,4682220434433
France;1999-10-01;97,9898828541001
Italie;1999-10-01;106,2913907284768
Allemagne;1999-11-01;101,3241863433312
Espagne;1999-11-01;106,6613032984715
France;1999-11-01;98,0830670926518
Italie;1999-11-01;106,2913907284768
Allemagne;1999-12-01;101,3720485003191
Espagne;1999-12-01;106,6613032984715
France;1999-12-01;97,8168264110756
Italie;1999-12-01;106,2913907284768
Allemagne;2000-01-01;101,8187619655393
Espagne;2000-01-01;106,9670152855994
France;2000-01-01;98,2960596379127
Italie;2000-01-01;106,2913907284768
Allemagne;2000-02-01;101,5794511805999
Espagne;2000-02-01;107,0796460176991
France;2000-02-01;98,2561235356763
Italie;2000-02-01;106,2913907284768
Allemagne;2000-03-01;101,5315890236120
Espagne;2000-03-01;107,6910699919550
France;2000-03-01;97,6570820021299
Italie;2000-03-01;106,4569536423841
Allemagne;2000-04-01;101,5954052329292
Espagne;2000-04-01;107,8037007240547
France;2000-04-01;97,3242811501597
Italie;2000-04-01;106,2913907284768
Allemagne;2000-05-01;101,5315890236120
Espagne;2000-05-01;107,9002413515688
France;2000-05-01;97,4440894568690
Italie;2000-05-01;106,6225165562914
Allemagne;2000-06-01;101,3880025526484
Espagne;2000-06-01;107,9967819790829
France;2000-06-01;97,5905218317359
Italie;2000-06-01;107,4503311258278
Allemagne;2000-07-01;101,5954052329292
Espagne;2000-07-01;107,9002413515688
France;2000-07-01;97,7768903088392
Italie;2000-07-01;107,4503311258278
Allemagne;2000-08-01;101,8028079132100
Espagne;2000-08-01;108,1094127111826
France;2000-08-01;97,9233226837061
Italie;2000-08-01;107,4503311258278
Allemagne;2000-09-01;101,3880025526484
Espagne;2000-09-01;108,6242960579244
France;2000-09-01;97,5638977635783
Italie;2000-09-01;107,4503311258278
Allemagne;2000-10-01;101,4199106573070
Espagne;2000-10-01;108,8173773129525
France;2000-10-01;98,2694355697550
Italie;2000-10-01;108,1125827814570
Allemagne;2000-11-01;101,5315890236120
Espagne;2000-11-01;108,8173773129525
France;2000-11-01;98,5489882854100
Italie;2000-11-01;108,2781456953643
Allemagne;2000-12-01;101,2922782386726
Espagne;2000-12-01;108,9300080450523
France;2000-12-01;98,6022364217252
Italie;2000-12-01;108,2781456953643
Allemagne;2001-01-01;101,3880025526484
Espagne;2001-01-01;109,2357200321802
France;2001-01-01;98,5623003194888
Italie;2001-01-01;108,2781456953643
Allemagne;2001-02-01;101,4996809189534
Espagne;2001-02-01;109,5414320193081
France;2001-02-01;98,6421725239616
Italie;2001-02-01;108,2781456953643
Allemagne;2001-03-01;101,5954052329292
Espagne;2001-03-01;109,9597747385358
France;2001-03-01;98,3493077742279
Italie;2001-03-01;108,4437086092715
Allemagne;2001-04-01;101,7868538608807
Espagne;2001-04-01;110,0563153660499
France;2001-04-01;98,6687965921193
Italie;2001-04-01;108,7748344370861
Allemagne;2001-05-01;101,8985322271857
Espagne;2001-05-01;110,1528559935639
France;2001-05-01;99,1879659211928
Italie;2001-05-01;109,2715231788080
Allemagne;2001-06-01;102,1857051691129
Espagne;2001-06-01;109,9597747385358
France;2001-06-01;98,8152289669862
Italie;2001-06-01;109,4370860927152
Allemagne;2001-07-01;102,6802807913210
Espagne;2001-07-01;110,0563153660499
France;2001-07-01;98,8152289669862
Italie;2001-07-01;109,4370860927152
Allemagne;2001-08-01;102,8876834716018
Espagne;2001-08-01;110,1528559935639
France;2001-08-01;99,2811501597444
Italie;2001-08-01;109,4370860927152
Allemagne;2001-09-01;103,0791320995533
Espagne;2001-09-01;110,2654867256637
France;2001-09-01;98,3759318423855
Italie;2001-09-01;109,4370860927152
Allemagne;2001-10-01;103,0791320995533
Espagne;2001-10-01;110,6677393403057
France;2001-10-01;98,5356762513312
Italie;2001-10-01;109,4370860927152
Allemagne;2001-11-01;102,9834077855775
Espagne;2001-11-01;110,5711987127916
France;2001-11-01;98,4558040468583
Italie;2001-11-01;109,6026490066225
Allemagne;2001-12-01;103,0791320995533
Espagne;2001-12-01;110,8769106999195
France;2001-12-01;98,7220447284345
Italie;2001-12-01;109,6026490066225
Allemagne;2002-01-01;103,8768347160179
Espagne;2002-01-01;111,0860820595334
France;2002-01-01;99,2145899893504
Italie;2002-01-01;109,6026490066225
Allemagne;2002-02-01;103,8768347160179
Espagne;2002-02-01;111,2791633145615
France;2002-02-01;99,9334398296059
Italie;2002-02-01;111,9205298013245
Allemagne;2002-03-01;103,9566049776643
Espagne;2002-03-01;111,6975060337892
France;2002-03-01;99,7204472843450
Italie;2002-03-01;111,9205298013245
Allemagne;2002-04-01;103,7651563497128
Espagne;2002-04-01;111,6975060337892
France;2002-04-01;99,8535676251331
Italie;2002-04-01;112,0860927152318
Allemagne;2002-05-01;103,8768347160179
Espagne;2002-05-01;112,0032180209171
France;2002-05-01;100,2263045793397
Italie;2002-05-01;112,2516556291391
Allemagne;2002-06-01;103,8608806636886
Espagne;2002-06-01;112,0032180209171
France;2002-06-01;99,1214057507987
Italie;2002-06-01;112,2516556291391
Allemagne;2002-07-01;103,8608806636886
Espagne;2002-07-01;111,7940466613033
France;2002-07-01;99,8136315228967
Italie;2002-07-01;112,4172185430464
Allemagne;2002-08-01;103,8608806636886
Espagne;2002-08-01;112,1158487530169
France;2002-08-01;100,3194888178914
Italie;2002-08-01;112,5827814569536
Allemagne;2002-09-01;103,9566049776643
Espagne;2002-09-01;112,1158487530169
France;2002-09-01;99,3343982960596
Italie;2002-09-01;112,4172185430464
Allemagne;2002-10-01;103,9725590299936
Espagne;2002-10-01;112,2123893805310
France;2002-10-01;99,5740149094782
Italie;2002-10-01;112,4172185430464
Allemagne;2002-11-01;103,8449266113593
Espagne;2002-11-01;112,3089300080451
France;2002-11-01;99,5873269435570
Italie;2002-11-01;112,7483443708609
Allemagne;2002-12-01;103,8608806636886
Espagne;2002-12-01;112,5181013676589
France;2002-12-01;99,8136315228967
Italie;2002-12-01;112,9139072847682
Allemagne;2003-01-01;104,1161455009573
Espagne;2003-01-01;113,1295253419147
France;2003-01-01;100,2928647497338
Italie;2003-01-01;113,4105960264901
Allemagne;2003-02-01;103,8449266113593
Espagne;2003-02-01;113,4352373290426
France;2003-02-01;100,7987220447284
Italie;2003-02-01;113,4105960264901
Allemagne;2003-03-01;104,1161455009573
Espagne;2003-03-01;113,6444086886565
France;2003-03-01;100,4526091586794
Italie;2003-03-01;113,7417218543046
Allemagne;2003-04-01;104,2916400765795
Espagne;2003-04-01;113,7570394207562
France;2003-04-01;101,2380191693291
Italie;2003-04-01;114,0728476821192
Allemagne;2003-05-01;104,3714103382259
Espagne;2003-05-01;113,9501206757844
France;2003-05-01;101,8104366347178
Italie;2003-05-01;113,9072847682119
Allemagne;2003-06-01;104,4671346522017
Espagne;2003-06-01;114,1592920353982
France;2003-06-01;100,4925452609158
Italie;2003-06-01;113,9072847682119
Allemagne;2003-07-01;104,9617102744097
Espagne;2003-07-01;114,2719227674980
France;2003-07-01;101,7305644302449
Italie;2003-07-01;114,2384105960265
Allemagne;2003-08-01;105,0095724313976
Espagne;2003-08-01;114,0627514078842
France;2003-08-01;101,7705005324814
Italie;2003-08-01;114,2384105960265
Allemagne;2003-09-01;105,2807913209955
Espagne;2003-09-01;114,3684633950121
France;2003-09-01;100,7321618743344
Italie;2003-09-01;114,4039735099338
Allemagne;2003-10-01;105,4243777919592
Espagne;2003-10-01;113,9501206757844
France;2003-10-01;102,5825346112886
Italie;2003-10-01;113,7417218543046
Allemagne;2003-11-01;105,5520102105935
Espagne;2003-11-01;113,8535800482703
France;2003-11-01;101,9568690095847
Italie;2003-11-01;113,4105960264901
Allemagne;2003-12-01;105,5998723675814
Espagne;2003-12-01;114,1592920353982
France;2003-12-01;102,5825346112886
Italie;2003-12-01;113,4105960264901
Allemagne;2004-01-01;105,8710912571793
Espagne;2004-01-01;114,7707160096541
France;2004-01-01;102,1698615548456
Italie;2004-01-01;113,5761589403973
Allemagne;2004-02-01;105,9827696234844
Espagne;2004-02-01;114,9798873692679
France;2004-02-01;102,7422790202343
Italie;2004-02-01;113,2450331125828
Allemagne;2004-03-01;106,0625398851308
Espagne;2004-03-01;115,1890587288817
France;2004-03-01;101,8903088391906
Italie;2004-03-01;113,4105960264901
Allemagne;2004-04-01;106,0944479897894
Espagne;2004-04-01;115,1890587288817
France;2004-04-01;103,0883919062833
Italie;2004-04-01;113,4105960264901
Allemagne;2004-05-01;106,1104020421187
Espagne;2004-05-01;115,4947707160097
France;2004-05-01;103,1150159744409
Italie;2004-05-01;112,7483443708609
Allemagne;2004-06-01;106,1263560944480
Espagne;2004-06-01;115,9131134352373
France;2004-06-01;103,0617678381257
Italie;2004-06-01;112,5827814569536
Allemagne;2004-07-01;106,2061263560944
Espagne;2004-07-01;115,9131134352373
France;2004-07-01;102,2097976570820
Italie;2004-07-01;112,9139072847682
Allemagne;2004-08-01;106,1263560944480
Espagne;2004-08-01;115,9131134352373
France;2004-08-01;103,2348242811502
Italie;2004-08-01;112,9139072847682
Allemagne;2004-09-01;105,9189534141672
Espagne;2004-09-01;116,4119066773934
France;2004-09-01;103,2481363152290
Italie;2004-09-01;113,5761589403973
Allemagne;2004-10-01;105,9029993618379
Espagne;2004-10-01;116,1061946902655
France;2004-10-01;103,7007454739084
Italie;2004-10-01;113,7417218543046
Allemagne;2004-11-01;105,7594128908743
Espagne;2004-11-01;116,3153660498793
France;2004-11-01;103,7806176783812
Italie;2004-11-01;113,9072847682119
Allemagne;2004-12-01;105,5679642629228
Espagne;2004-12-01;116,6210780370072
France;2004-12-01;103,7140575079872
Italie;2004-12-01;114,4039735099338
Allemagne;2005-01-01;105,6796426292278
Espagne;2005-01-01;116,8302493966211
France;2005-01-01;101,9701810436635
Italie;2005-01-01;114,7350993377484
Allemagne;2005-02-01;105,9987236758137
Espagne;2005-02-01;116,9267900241352
France;2005-02-01;103,4611288604899
Italie;2005-02-01;115,0662251655629
Allemagne;2005-03-01;106,2380344607530
Espagne;2005-03-01;117,2485921158488
France;2005-03-01;102,9552715654952
Italie;2005-03-01;115,2317880794702
Allemagne;2005-04-01;106,2858966177409
Espagne;2005-04-01;117,2485921158488
France;2005-04-01;104,1267305644302
Italie;2005-04-01;115,5629139072848
Allemagne;2005-05-01;106,4454371410338
Espagne;2005-05-01;117,4416733708769
France;2005-05-01;103,9669861554845
Italie;2005-05-01;115,8940397350993
Allemagne;2005-06-01;106,4613911933631
Espagne;2005-06-01;117,3451327433629
France;2005-06-01;103,0085197018104
Italie;2005-06-01;115,7284768211921
Allemagne;2005-07-01;106,4294830887045
Espagne;2005-07-01;117,2485921158488
France;2005-07-01;103,3413205537806
Italie;2005-07-01;116,0596026490066
Allemagne;2005-08-01;106,5571155073389
Espagne;2005-08-01;117,4416733708769
France;2005-08-01;104,0468583599574
Italie;2005-08-01;116,0596026490066
Allemagne;2005-09-01;106,9400127632419
Espagne;2005-09-01;118,3748994368463
France;2005-09-01;103,9669861554845
Italie;2005-09-01;115,8940397350993
Allemagne;2005-10-01;107,0197830248883
Espagne;2005-10-01;118,4714400643604
France;2005-10-01;104,0734824281150
Italie;2005-10-01;116,2251655629139
Allemagne;2005-11-01;107,2750478621570
Espagne;2005-11-01;118,7771520514883
France;2005-11-01;103,7273695420660
Italie;2005-11-01;116,7218543046358
Allemagne;2005-12-01;107,3867262284620
Espagne;2005-12-01;119,1954947707160
France;2005-12-01;103,2747603833866
Italie;2005-12-01;117,0529801324503
Allemagne;2006-01-01;107,6579451180600
Espagne;2006-01-01;120,0160901045857
France;2006-01-01;103,5276890308839
Italie;2006-01-01;117,3841059602649
Allemagne;2006-02-01;107,8653477983408
Espagne;2006-02-01;120,2091713596138
France;2006-02-01;103,9536741214057
Italie;2006-02-01;117,3841059602649
Allemagne;2006-03-01;107,9451180599872
Espagne;2006-03-01;120,4827031375704
France;2006-03-01;102,8887113951012
Italie;2006-03-01;117,3841059602649
Allemagne;2006-04-01;108,0089342693044
Espagne;2006-04-01;120,4183427192277
France;2006-04-01;104,8455804046858
Italie;2006-04-01;117,5496688741722
Allemagne;2006-05-01;108,1206126356094
Espagne;2006-05-01;120,6114239742558
France;2006-05-01;104,9520766773163
Italie;2006-05-01;117,7152317880795
Allemagne;2006-06-01;108,1365666879387
Espagne;2006-06-01;120,6757843925986
France;2006-06-01;104,1134185303514
Italie;2006-06-01;117,7152317880795
Allemagne;2006-07-01;108,1525207402680
Espagne;2006-07-01;120,4505229283990
France;2006-07-01;104,0601703940362
Italie;2006-07-01;117,5496688741722
Allemagne;2006-08-01;108,1844288449266
Espagne;2006-08-01;120,5309734513274
France;2006-08-01;104,7257720979766
Italie;2006-08-01;117,5496688741722
Allemagne;2006-09-01;108,4875558391832
Espagne;2006-09-01;120,7884151246983
France;2006-09-01;104,1001064962726
Italie;2006-09-01;118,0463576158940
Allemagne;2006-10-01;108,5194639438417
Espagne;2006-10-01;120,7884151246983
France;2006-10-01;103,5143769968051
Italie;2006-10-01;118,0463576158940
Allemagne;2006-11-01;108,7428206764518
Espagne;2006-11-01;121,1102172164119
France;2006-11-01;104,3264110756123
Italie;2006-11-01;118,2119205298013
Allemagne;2006-12-01;108,8385449904276
Espagne;2006-12-01;121,3354786806114
France;2006-12-01;104,4595314164004
Italie;2006-12-01;118,5430463576159
Allemagne;2007-01-01;111,3592852584556
Espagne;2007-01-01;121,8664521319388
France;2007-01-01;103,7007454739084
Italie;2007-01-01;118,8741721854305
Allemagne;2007-02-01;111,4390555201021
Espagne;2007-02-01;122,1078037007241
France;2007-02-01;104,6592119275825
Italie;2007-02-01;119,2052980132450
Allemagne;2007-03-01;111,5347798340779
Espagne;2007-03-01;122,5261464199517
France;2007-03-01;104,5793397231097
Italie;2007-03-01;119,3708609271523
Allemagne;2007-04-01;111,5666879387365
Espagne;2007-04-01;122,5583266291231
France;2007-04-01;105,9637912673056
Italie;2007-04-01;119,3708609271523
Allemagne;2007-05-01;111,6145500957243
Espagne;2007-05-01;122,4617860016090
France;2007-05-01;106,3498402555910
Italie;2007-05-01;119,3708609271523
Allemagne;2007-06-01;111,7581365666879
Espagne;2007-06-01;122,2526146419952
France;2007-06-01;105,0186368477103
Italie;2007-06-01;119,5364238410596
Allemagne;2007-07-01;111,6943203573708
Espagne;2007-07-01;122,1399839098954
France;2007-07-01;106,1368477103301
Italie;2007-07-01;119,5364238410596
Allemagne;2007-08-01;111,9814932992980
Espagne;2007-08-01;122,1399839098954
France;2007-08-01;106,5628328008520
Italie;2007-08-01;119,5364238410596
Allemagne;2007-09-01;111,8379068283344
Espagne;2007-09-01;122,1238938053097
France;2007-09-01;104,9787007454739
Italie;2007-09-01;119,5364238410596
Allemagne;2007-10-01;112,0612635609445
Espagne;2007-10-01;121,9951729686243
France;2007-10-01;105,4978700745474
Italie;2007-10-01;119,7019867549669
Allemagne;2007-11-01;112,0931716656031
Espagne;2007-11-01;121,6090104585680
France;2007-11-01;106,5761448349308
Italie;2007-11-01;119,8675496688742
Allemagne;2007-12-01;112,2527121888960
Espagne;2007-12-01;121,7699115044248
France;2007-12-01;107,6277955271565
Italie;2007-12-01;119,8675496688742
Allemagne;2008-01-01;112,5398851308233
Espagne;2008-01-01;120,9171359613838
France;2008-01-01;106,3232161874334
Italie;2008-01-01;119,8675496688742
Allemagne;2008-02-01;112,4760689215061
Espagne;2008-02-01;121,3354786806114
France;2008-02-01;106,5228966986155
Italie;2008-02-01;120,0331125827815
Allemagne;2008-03-01;112,5079770261647
Espagne;2008-03-01;121,0458567980692
France;2008-03-01;106,4962726304579
Italie;2008-03-01;120,3642384105960
Allemagne;2008-04-01;112,5717932354818
Espagne;2008-04-01;121,4159292035398
France;2008-04-01;106,2034078807242
Italie;2008-04-01;120,5298013245033
Allemagne;2008-05-01;112,6196553924697
Espagne;2008-05-01;120,9975864843122
France;2008-05-01;105,9371671991480
Italie;2008-05-01;120,5298013245033
Allemagne;2008-06-01;112,7313337587747
Espagne;2008-06-01;120,9171359613838
France;2008-06-01;106,2566560170394
Italie;2008-06-01;121,0264900662252
Allemagne;2008-07-01;112,9068283343969
Espagne;2008-07-01;120,9171359613838
France;2008-07-01;106,5362087326943
Italie;2008-07-01;121,3576158940397
Allemagne;2008-08-01;112,7791959157626
Espagne;2008-08-01;121,3515687851971
France;2008-08-01;107,4281150159744
Italie;2008-08-01;121,6887417218543
Allemagne;2008-09-01;112,8111040204212
Espagne;2008-09-01;121,5124698310539
France;2008-09-01;107,8407880724175
Italie;2008-09-01;121,8543046357616
Allemagne;2008-10-01;112,8111040204212
Espagne;2008-10-01;121,3676588897828
France;2008-10-01;107,5212992545261
Italie;2008-10-01;122,0198675496689
Allemagne;2008-11-01;112,8111040204212
Espagne;2008-11-01;121,4481094127112
France;2008-11-01;108,0804046858360
Italie;2008-11-01;122,0198675496689
Allemagne;2008-12-01;112,6037013401404
Espagne;2008-12-01;121,2228479485117
France;2008-12-01;107,9605963791267
Italie;2008-12-01;122,0198675496689
Allemagne;2009-01-01;112,5239310784939
Espagne;2009-01-01;120,5792437650845
France;2009-01-01;106,9488817891374
Italie;2009-01-01;122,6821192052980
Allemagne;2009-02-01;112,4920229738354
Espagne;2009-02-01;118,8093322606597
France;2009-02-01;106,7492012779553
Italie;2009-02-01;122,3509933774835
Allemagne;2009-03-01;112,7472878111040
Espagne;2009-03-01;118,9380530973451
France;2009-03-01;107,6810436634718
Italie;2009-03-01;122,5165562913907
Allemagne;2009-04-01;112,6994256541161
Espagne;2009-04-01;118,5840707964602
France;2009-04-01;107,3216187433440
Italie;2009-04-01;122,5165562913907
Allemagne;2009-05-01;112,7153797064454
Espagne;2009-05-01;118,8093322606597
France;2009-05-01;107,8807241746539
Italie;2009-05-01;122,6821192052980
Allemagne;2009-06-01;112,3803446075303
Espagne;2009-06-01;117,8921962992760
France;2009-06-01;108,4664536741214
Italie;2009-06-01;122,6821192052980
Allemagne;2009-07-01;112,5239310784939
Espagne;2009-07-01;117,3129525341915
France;2009-07-01;108,1203407880724
Italie;2009-07-01;122,6821192052980
Allemagne;2009-08-01;112,5239310784939
Espagne;2009-08-01;116,3314561544650
France;2009-08-01;107,6144834930777
Italie;2009-08-01;122,8476821192053
Allemagne;2009-09-01;112,3324824505424
Espagne;2009-09-01;115,4947707160097
France;2009-09-01;106,1235356762513
Italie;2009-09-01;122,8476821192053
Allemagne;2009-10-01;112,3803446075303
Espagne;2009-10-01;116,0257441673371
France;2009-10-01;106,7625133120341
Italie;2009-10-01;122,8476821192053
Allemagne;2009-11-01;112,4441608168475
Espagne;2009-11-01;116,2188254223652
France;2009-11-01;106,4962726304579
Italie;2009-11-01;123,0132450331126
Allemagne;2009-12-01;112,2208040842374
Espagne;2009-12-01;115,9935639581657
France;2009-12-01;107,6544195953142
Italie;2009-12-01;122,6821192052980
Allemagne;2010-01-01;112,5079770261647
Espagne;2010-01-01;116,2992759452936
France;2010-01-01;107,5745473908413
Italie;2010-01-01;122,8476821192053
Allemagne;2010-02-01;112,4601148691768
Espagne;2010-02-01;116,0418342719228
France;2010-02-01;107,1884984025559
Italie;2010-02-01;123,0132450331126
Allemagne;2010-03-01;112,5717932354818
Espagne;2010-03-01;116,1705551086082
France;2010-03-01;108,4398296059638
Italie;2010-03-01;123,0132450331126
Allemagne;2010-04-01;112,6515634971283
Espagne;2010-04-01;115,9613837489944
France;2010-04-01;107,2949946751863
Italie;2010-04-01;123,3443708609272
Allemagne;2010-05-01;112,4920229738354
Espagne;2010-05-01;115,6717618664521
France;2010-05-01;106,6959531416400
Italie;2010-05-01;123,5099337748344
Allemagne;2010-06-01;112,5398851308233
Espagne;2010-06-01;115,4625905068383
France;2010-06-01;106,0569755058573
Italie;2010-06-01;123,6754966887417
Allemagne;2010-07-01;112,3324824505424
Espagne;2010-07-01;117,4899436846340
France;2010-07-01;108,2401490947817
Italie;2010-07-01;124,0066225165563
Allemagne;2010-08-01;112,4601148691768
Espagne;2010-08-01;117,2325020112631
France;2010-08-01;106,5894568690096
Italie;2010-08-01;124,0066225165563
Allemagne;2010-09-01;112,5877472878111
Espagne;2010-09-01;117,0555108608206
France;2010-09-01;107,8407880724175
Italie;2010-09-01;124,5033112582781
Allemagne;2010-10-01;112,6834716017868
Espagne;2010-10-01;117,3129525341915
France;2010-10-01;107,1086261980830
Italie;2010-10-01;124,8344370860927
Allemagne;2010-11-01;112,5717932354818
Espagne;2010-11-01;117,8600160901046
France;2010-11-01;106,6560170394036
Italie;2010-11-01;125,0000000000000
Allemagne;2010-12-01;112,5877472878111
Espagne;2010-12-01;117,8600160901046
France;2010-12-01;107,8674121405751
Italie;2010-12-01;125,3311258278146
Allemagne;2011-01-01;112,5717932354818
Espagne;2011-01-01;117,9082864038616
France;2011-01-01;108,7460063897764
Italie;2011-01-01;125,4966887417219
Allemagne;2011-02-01;112,6515634971283
Espagne;2011-02-01;117,9243765084473
France;2011-02-01;109,2518636847710
Italie;2011-02-01;125,8278145695364
Allemagne;2011-03-01;112,7472878111040
Espagne;2011-03-01;117,7152051488335
France;2011-03-01;108,5995740149095
Italie;2011-03-01;125,9933774834437
Allemagne;2011-04-01;112,7472878111040
Espagne;2011-04-01;118,7449718423170
France;2011-04-01;109,3716719914803
Italie;2011-04-01;126,3245033112583
Allemagne;2011-05-01;112,8908742820677
Espagne;2011-05-01;118,6806114239743
France;2011-05-01;107,9073482428115
Italie;2011-05-01;126,4900662251656
Allemagne;2011-06-01;112,9387364390555
Espagne;2011-06-01;118,7127916331456
France;2011-06-01;108,7859424920128
Italie;2011-06-01;126,6556291390729
Allemagne;2011-07-01;113,0185067007020
Espagne;2011-07-01;119,0828640386163
France;2011-07-01;109,4781682641107
Italie;2011-07-01;126,6556291390729
Allemagne;2011-08-01;113,3216336949585
Espagne;2011-08-01;119,5655671761866
France;2011-08-01;108,0804046858360
Italie;2011-08-01;126,4900662251656
Allemagne;2011-09-01;113,4173580089343
Espagne;2011-09-01;119,7103781174578
France;2011-09-01;109,5580404685836
Italie;2011-09-01;126,9867549668874
Allemagne;2011-10-01;113,5768985322272
Espagne;2011-10-01;119,7908286403862
France;2011-10-01;109,7310969116081
Italie;2011-10-01;128,4768211920530
Allemagne;2011-11-01;113,3375877472878
Espagne;2011-11-01;120,1930812550282
France;2011-11-01;107,9339723109691
Italie;2011-11-01;128,9735099337749
Allemagne;2011-12-01;113,2897255903000
Espagne;2011-12-01;120,3057119871279
France;2011-12-01;109,9973375931842
Italie;2011-12-01;128,9735099337749
Allemagne;2012-01-01;113,3056796426292
Espagne;2012-01-01;120,0965406275141
France;2012-01-01;110,9957401490948
Italie;2012-01-01;128,4768211920530
Allemagne;2012-02-01;113,1940012763242
Espagne;2012-02-01;120,3057119871279
France;2012-02-01;109,7976570820021
Italie;2012-02-01;128,4768211920530
Allemagne;2012-03-01;113,2418634333121
Espagne;2012-03-01;120,6596942880129
France;2012-03-01;110,1570820021299
Italie;2012-03-01;128,6423841059603
Allemagne;2012-04-01;113,2099553286535
Espagne;2012-04-01;120,4505229283990
France;2012-04-01;110,8892438764643
Italie;2012-04-01;128,8079470198676
Allemagne;2012-05-01;113,0823229100191
Espagne;2012-05-01;120,5953338696702
France;2012-05-01;111,0623003194888
Italie;2012-05-01;128,8079470198676
Allemagne;2012-06-01;113,0982769623484
Espagne;2012-06-01;120,6596942880129
France;2012-06-01;111,1954206602769
Italie;2012-06-01;128,9735099337749
Allemagne;2012-07-01;113,1780472239949
Espagne;2012-07-01;120,8366854384553
France;2012-07-01;112,1272630457934
Italie;2012-07-01;128,9735099337749
Allemagne;2012-08-01;113,2259093809828
Espagne;2012-08-01;120,2413515687852
France;2012-08-01;111,4749733759318
Italie;2012-08-01;128,9735099337749
Allemagne;2012-09-01;113,1940012763242
Espagne;2012-09-01;123,1053901850362
France;2012-09-01;111,9808306709265
Italie;2012-09-01;128,6423841059603
Allemagne;2012-10-01;113,3375877472878
Espagne;2012-10-01;122,2687047465808
France;2012-10-01;111,2220447284345
Italie;2012-10-01;128,4768211920530
Allemagne;2012-11-01;113,1620931716656
Espagne;2012-11-01;120,7079646017699
France;2012-11-01;110,7960596379127
Italie;2012-11-01;128,6423841059603
Allemagne;2012-12-01;112,9387364390555
Espagne;2012-12-01;120,6596942880129
France;2012-12-01;111,6613418530351
Italie;2012-12-01;128,6423841059603
Allemagne;2013-01-01;112,7472878111040
Espagne;2013-01-01;120,3378921962993
France;2013-01-01;113,0058572949947
Italie;2013-01-01;128,9735099337749
Allemagne;2013-02-01;113,0025526483727
Espagne;2013-02-01;120,6275140788415
France;2013-02-01;112,9792332268371
Italie;2013-02-01;129,1390728476821
Allemagne;2013-03-01;113,0982769623484
Espagne;2013-03-01;120,2252614641995
France;2013-03-01;112,6863684771033
Italie;2013-03-01;129,1390728476821
Allemagne;2013-04-01;113,1940012763242
Espagne;2013-04-01;121,1423974255833
France;2013-04-01;112,9925452609159
Italie;2013-04-01;129,1390728476821
Allemagne;2013-05-01;113,2737715379706
Espagne;2013-05-01;121,2711182622687
France;2013-05-01;111,9142705005325
Italie;2013-05-01;129,3046357615894
Allemagne;2013-06-01;112,6356094447990
Espagne;2013-06-01;121,4963797264682
France;2013-06-01;111,7811501597444
Italie;2013-06-01;129,3046357615894
Allemagne;2013-07-01;113,0025526483727
Espagne;2013-07-01;121,7216411906678
France;2013-07-01;113,1389776357827
Italie;2013-07-01;129,4701986754967
Allemagne;2013-08-01;113,1940012763242
Espagne;2013-08-01;121,8181818181818
France;2013-08-01;112,9659211927582
Italie;2013-08-01;129,8013245033113
Allemagne;2013-09-01;113,2099553286535
Espagne;2013-09-01;122,0273531777957
France;2013-09-01;112,1405750798722
Italie;2013-09-01;130,1324503311258
Allemagne;2013-10-01;113,2099553286535
Espagne;2013-10-01;121,5929203539823
France;2013-10-01;113,1256656017039
Italie;2013-10-01;130,7947019867550
Allemagne;2013-11-01;113,1301850670070
Espagne;2013-11-01;121,6572807723250
France;2013-11-01;113,0857294994675
Italie;2013-11-01;131,2913907284768
Allemagne;2013-12-01;113,1620931716656
Espagne;2013-12-01;121,8020917135961
France;2013-12-01;113,3253461128860
Italie;2013-12-01;131,4569536423841
Allemagne;2014-01-01;113,1301850670070
Espagne;2014-01-01;121,5446500402253
France;2014-01-01;115,1890308839191
Italie;2014-01-01;133,2781456953642
Allemagne;2014-02-01;113,0504148053606
Espagne;2014-02-01;121,6733708769107
France;2014-02-01;115,4020234291800
Italie;2014-02-01;133,6092715231788
Allemagne;2014-03-01;112,7632418634333
Espagne;2014-03-01;122,1078037007241
France;2014-03-01;113,9909478168264
Italie;2014-03-01;133,2781456953642
Allemagne;2014-04-01;113,0025526483727
Espagne;2014-04-01;122,2204344328238
France;2014-04-01;114,9227902023429
Italie;2014-04-01;133,4437086092715
Allemagne;2014-05-01;113,1940012763242
Espagne;2014-05-01;122,3813354786806
France;2014-05-01;114,0308839190628
Italie;2014-05-01;133,4437086092715
Allemagne;2014-06-01;113,4652201659221
Espagne;2014-06-01;122,5422365245374
France;2014-06-01;114,0575079872204
Italie;2014-06-01;134,1059602649007
Allemagne;2014-07-01;113,5609444798979
Espagne;2014-07-01;122,8962188254224
France;2014-07-01;114,3769968051118
Italie;2014-07-01;134,1059602649007
Allemagne;2014-08-01;113,6885768985322
Espagne;2014-08-01;123,2823813354787
France;2014-08-01;114,1773162939297
Italie;2014-08-01;134,2715231788079
Allemagne;2014-09-01;113,7523931078494
Espagne;2014-09-01;123,2502011263073
France;2014-09-01;115,2955271565495
Italie;2014-09-01;134,4370860927152
Allemagne;2014-10-01;113,6885768985322
Espagne;2014-10-01;123,3789219629928
France;2014-10-01;115,1091586794462
Italie;2014-10-01;134,7682119205298
Allemagne;2014-11-01;113,7045309508615
Espagne;2014-11-01;123,3789219629928
France;2014-11-01;113,1922257720980
Italie;2014-11-01;134,7682119205298
Allemagne;2014-12-01;113,7364390555201
Espagne;2014-12-01;123,7168141592920
France;2014-12-01;113,3120340788072
Italie;2014-12-01;134,7682119205298
Allemagne;2015-01-01;113,8959795788130
Espagne;2015-01-01;123,9581657280772
France;2015-01-01;115,1490947816826
Italie;2015-01-01;135,4304635761590
Allemagne;2015-02-01;113,9917038927888
Espagne;2015-02-01;124,1351568785197
France;2015-02-01;115,3753993610224
Italie;2015-02-01;135,5960264900662
Allemagne;2015-03-01;114,4384173580089
Espagne;2015-03-01;124,2316975060338
France;2015-03-01;115,5617678381257
Italie;2015-03-01;135,9271523178808
Allemagne;2015-04-01;114,4862795149968
Espagne;2015-04-01;124,5374094931617
France;2015-04-01;115,0292864749734
Italie;2015-04-01;136,0927152317881
Allemagne;2015-05-01;114,5820038289725
Espagne;2015-05-01;124,6339501206758
France;2015-05-01;115,0825346112886
Italie;2015-05-01;136,2582781456954
Allemagne;2015-06-01;114,5500957243140
Espagne;2015-06-01;125,1649235720032
France;2015-06-01;115,8280085197018
Italie;2015-06-01;137,0860927152318
Allemagne;2015-07-01;114,6777281429483
Espagne;2015-07-01;125,3580048270314
France;2015-07-01;116,2273695420660
Italie;2015-07-01;137,0860927152318
Allemagne;2015-08-01;114,5820038289725
Espagne;2015-08-01;125,2292839903459
France;2015-08-01;114,6831735889244
Italie;2015-08-01;136,9205298013245
Allemagne;2015-09-01;114,5820038289725
Espagne;2015-09-01;125,3740949316171
France;2015-09-01;114,7097976570820
Italie;2015-09-01;137,2516556291391
Allemagne;2015-10-01;114,7096362476069
Espagne;2015-10-01;125,7924376508447
France;2015-10-01;116,2673056443024
Italie;2015-10-01;137,2516556291391
Allemagne;2015-11-01;114,7894065092534
Espagne;2015-11-01;126,1142397425583
France;2015-11-01;115,6017039403621
Italie;2015-11-01;137,4172185430464
Allemagne;2015-12-01;115,0446713465220
Espagne;2015-12-01;126,3073209975865
France;2015-12-01;115,5883919062833
Italie;2015-12-01;137,5827814569537
Allemagne;2016-01-01;115,2839821314614
Espagne;2016-01-01;126,4038616251006
France;2016-01-01;116,5601703940362
Italie;2016-01-01;137,7483443708609
Allemagne;2016-02-01;115,2839821314614
Espagne;2016-02-01;126,6452131938858
France;2016-02-01;116,4403620873269
Italie;2016-02-01;137,9139072847682
Allemagne;2016-03-01;115,5871091257179
Espagne;2016-03-01;126,7578439259855
France;2016-03-01;116,4802981895634
Italie;2016-03-01;138,0794701986755
Allemagne;2016-04-01;115,7147415443523
Espagne;2016-04-01;126,9348350764280
France;2016-04-01;115,1890308839191
Italie;2016-04-01;138,2450331125828
Allemagne;2016-05-01;115,8264199106573
Espagne;2016-05-01;127,0152855993564
France;2016-05-01;114,6166134185303
Italie;2016-05-01;138,4105960264901
Allemagne;2016-06-01;115,9859604339502
Espagne;2016-06-01;127,1440064360418
France;2016-06-01;114,9760383386581
Italie;2016-06-01;138,0794701986755
Allemagne;2016-07-01;116,0657306955967
Espagne;2016-07-01;127,1761866452132
France;2016-07-01;114,8029818956336
Italie;2016-07-01;137,9139072847682
Allemagne;2016-08-01;116,1933631142310
Espagne;2016-08-01;127,9646017699115
France;2016-08-01;114,7231096911608
Italie;2016-08-01;137,9139072847682
Allemagne;2016-09-01;116,2252712188896
Espagne;2016-09-01;128,0933226065970
France;2016-09-01;115,0825346112886
Italie;2016-09-01;137,7483443708609
Allemagne;2016-10-01;116,3050414805361
Espagne;2016-10-01;128,3668543845535
France;2016-10-01;114,6432374866880
Italie;2016-10-01;137,9139072847682
Allemagne;2016-11-01;116,6081684747926
Espagne;2016-11-01;128,6886564762671
France;2016-11-01;114,4701810436635
Italie;2016-11-01;137,7483443708609
Allemagne;2016-12-01;116,6560306317805
Espagne;2016-12-01;128,7691069991955
France;2016-12-01;114,5633652822151
Italie;2016-12-01;137,7483443708609
Allemagne;2017-01-01;116,7517549457562
Espagne;2017-01-01;128,8656476267096
France;2017-01-01;115,6682641107561
Italie;2017-01-01;137,9139072847682
Allemagne;2017-02-01;117,0070197830249
Espagne;2017-02-01;128,9943684633950
France;2017-02-01;115,6682641107561
Italie;2017-02-01;137,7483443708609
Allemagne;2017-03-01;117,2303765156350
Espagne;2017-03-01;129,0265486725664
France;2017-03-01;115,5351437699680
Italie;2017-03-01;137,7483443708609
Allemagne;2017-04-01;117,4856413529036
Espagne;2017-04-01;129,1552695092518
France;2017-04-01;115,8013844515442
Italie;2017-04-01;137,5827814569537
Allemagne;2017-05-01;117,4537332482451
Espagne;2017-05-01;129,1069991954948
France;2017-05-01;115,8413205537806
Italie;2017-05-01;137,7483443708609
Allemagne;2017-06-01;117,5335035098915
Espagne;2017-06-01;129,3483507642800
France;2017-06-01;115,8945686900958
Italie;2017-06-01;137,9139072847682
Allemagne;2017-07-01;117,8206764518187
Espagne;2017-07-01;129,5253419147224
France;2017-07-01;116,0143769968051
Italie;2017-07-01;137,7483443708609
Allemagne;2017-08-01;118,0599872367581
Espagne;2017-08-01;129,9115044247787
France;2017-08-01;116,0276890308839
Italie;2017-08-01;137,7483443708609
Allemagne;2017-09-01;118,1078493937460
Espagne;2017-09-01;129,9597747385358
France;2017-09-01;116,0809371671991
Italie;2017-09-01;137,9139072847682
Allemagne;2017-10-01;118,1078493937460
Espagne;2017-10-01;129,7827835880933
France;2017-10-01;116,2939297124601
Italie;2017-10-01;137,9139072847682
Allemagne;2017-11-01;118,1876196553925
Espagne;2017-11-01;129,9275945293645
France;2017-11-01;116,4137380191693
Italie;2017-11-01;138,0794701986755
Allemagne;2017-12-01;118,5226547543076
Espagne;2017-12-01;130,1850362027353
France;2017-12-01;116,5867944621938
Italie;2017-12-01;137,9139072847682
Allemagne;2018-01-01;118,8257817485641
Espagne;2018-01-01;130,3298471440064
France;2018-01-01;116,8929712460064
Italie;2018-01-01;138,2450331125828
Allemagne;2018-02-01;118,8576898532227
Espagne;2018-02-01;130,3137570394208
France;2018-02-01;117,0527156549521
Italie;2018-02-01;138,2450331125828
Allemagne;2018-03-01;119,0172303765156
Espagne;2018-03-01;130,3137570394208
France;2018-03-01;116,9728434504792
Italie;2018-03-01;138,2450331125828
Allemagne;2018-04-01;119,4639438417358
Espagne;2018-04-01;130,2976669348351
France;2018-04-01;116,9994675186368
Italie;2018-04-01;138,0794701986755
Allemagne;2018-05-01;119,6553924696873
Espagne;2018-05-01;130,1689460981497
France;2018-05-01;117,6783812566560
Italie;2018-05-01;137,9139072847682
Allemagne;2018-06-01;119,8308870453095
Espagne;2018-06-01;130,2815768302494
France;2018-06-01;117,3056443024494
Italie;2018-06-01;138,0794701986755
Allemagne;2018-07-01;120,5807275047862
Espagne;2018-07-01;130,3620273531778
France;2018-07-01;117,9446219382322
Italie;2018-07-01;138,2450331125828
Allemagne;2018-08-01;120,7562220804084
Espagne;2018-08-01;130,0884955752212
France;2018-08-01;118,2241746538871
Italie;2018-08-01;138,4105960264901
Allemagne;2018-09-01;120,7721761327377
Espagne;2018-09-01;131,0056315366050
France;2018-09-01;117,6118210862620
Italie;2018-09-01;138,5761589403974
Allemagne;2018-10-01;121,0274409700064
Espagne;2018-10-01;130,6838294448914
France;2018-10-01;118,0644302449414
Italie;2018-10-01;138,5761589403974
Allemagne;2018-11-01;121,4901084875559
Espagne;2018-11-01;130,7803700724055
France;2018-11-01;118,1309904153355
Italie;2018-11-01;138,7417218543046
Allemagne;2018-12-01;121,7772814294831
Espagne;2018-12-01;130,9090909090909
France;2018-12-01;118,4504792332268
Italie;2018-12-01;139,0728476821192
Allemagne;2019-01-01;122,0963624760689
Espagne;2019-01-01;130,7160096540627
France;2019-01-01;118,3972310969116
Italie;2019-01-01;139,4039735099338
Allemagne;2019-02-01;122,2399489470325
Espagne;2019-02-01;130,8930008045052
France;2019-02-01;118,2108626198083
Italie;2019-02-01;139,4039735099338
Allemagne;2019-03-01;122,5749840459477
Espagne;2019-03-01;131,0378117457763
France;2019-03-01;118,0644302449414
Italie;2019-03-01;139,5695364238411
Allemagne;2019-04-01;122,6388002552648
Espagne;2019-04-01;131,0378117457763
France;2019-04-01;118,0777422790202
Italie;2019-04-01;139,7350993377484
Allemagne;2019-05-01;122,8621569878749
Espagne;2019-05-01;131,2148028962188
France;2019-05-01;118,7566560170394
Italie;2019-05-01;139,9006622516556
Allemagne;2019-06-01;122,9578813018507
Espagne;2019-06-01;131,3757039420756
France;2019-06-01;118,6900958466454
Italie;2019-06-01;139,9006622516556
Allemagne;2019-07-01;123,1493299298022
Espagne;2019-07-01;131,9871279163314
France;2019-07-01;117,8248136315229
Italie;2019-07-01;139,9006622516556
Allemagne;2019-08-01;123,2769623484365
Espagne;2019-08-01;131,9227674979887
France;2019-08-01;117,6251331203408
Italie;2019-08-01;139,9006622516556
Allemagne;2019-09-01;123,2291001914486
Espagne;2019-09-01;132,1319388576026
France;2019-09-01;118,2374866879659
Italie;2019-09-01;139,9006622516556
Allemagne;2019-10-01;123,3886407147415
Espagne;2019-10-01;132,4537409493162
France;2019-10-01;118,5835995740149
Italie;2019-10-01;140,0662251655629
Allemagne;2019-11-01;123,8513082322910
Espagne;2019-11-01;132,4537409493162
France;2019-11-01;118,5303514376997
Italie;2019-11-01;140,3973509933775
Allemagne;2019-12-01;124,2342054881940
Espagne;2019-12-01;132,4698310539019
France;2019-12-01;119,9014909478168
Italie;2019-12-01;140,5629139072848
Allemagne;2020-01-01;124,3618379068283
Espagne;2020-01-01;132,4698310539019
France;2020-01-01;119,7550585729499
Italie;2020-01-01;141,2251655629139
Allemagne;2020-02-01;124,7606892150606
Espagne;2020-02-01;132,6950925181014
France;2020-02-01;119,6485623003195
Italie;2020-02-01;141,2251655629139
Allemagne;2020-03-01;124,9042756860243
Espagne;2020-03-01;132,9364440868866
France;2020-03-01;118,7433439829606
Italie;2020-03-01;141,3907284768212
Allemagne;2020-04-01;125,1754945756222
Espagne;2020-04-01;133,1456154465004
France;2020-04-01;118,8099041533546
Italie;2020-04-01;141,5562913907285
Allemagne;2020-05-01;125,0000000000000
Espagne;2020-05-01;132,2928399034594
France;2020-05-01;119,0495207667732
Italie;2020-05-01;141,5562913907285
Allemagne;2020-06-01;124,8723675813657
Espagne;2020-06-01;132,1319388576026
France;2020-06-01;119,0495207667732
Italie;2020-06-01;141,3907284768212
Allemagne;2020-07-01;123,1014677728143
Espagne;2020-07-01;132,3411102172164
France;2020-07-01;117,8514376996805
Italie;2020-07-01;142,2185430463576
Allemagne;2020-08-01;123,2131461391193
Espagne;2020-08-01;132,1158487530169
France;2020-08-01;117,9446219382322
Italie;2020-08-01;142,5496688741722
Allemagne;2020-09-01;123,2450542437779
Espagne;2020-09-01;132,2284794851167
France;2020-09-01;118,6634717784877
Italie;2020-09-01;142,5496688741722
Allemagne;2020-10-01;123,1652839821315
Espagne;2020-10-01;132,2123893805310
France;2020-10-01;118,7433439829606
Italie;2020-10-01;142,5496688741722
Allemagne;2020-11-01;123,3726866624122
Espagne;2020-11-01;132,0675784392598
France;2020-11-01;118,9297124600639
Italie;2020-11-01;142,8807947019868
Allemagne;2020-12-01;123,7077217613274
Espagne;2020-12-01;132,2445695897023
France;2020-12-01;119,0362087326943
Italie;2020-12-01;143,3774834437086
Allemagne;2021-01-01;126,1965539246969
Espagne;2021-01-01;134,6098149637973
France;2021-01-01;119,4621938232162
Italie;2021-01-01;143,7086092715232
Allemagne;2021-02-01;126,4199106573069
Espagne;2021-02-01;134,0788415124698
France;2021-02-01;119,0761448349308
Italie;2021-02-01;143,8741721854305
Allemagne;2021-03-01;127,4409700063816
Espagne;2021-03-01;134,4650040225262
France;2021-03-01;119,0095846645367
Italie;2021-03-01;144,2052980132450
Allemagne;2021-04-01;127,7121888959796
Espagne;2021-04-01;134,5937248592116
France;2021-04-01;119,0095846645367
Italie;2021-04-01;144,3708609271523
Allemagne;2021-05-01;128,1429483088704
Espagne;2021-05-01;134,8672566371681
France;2021-05-01;118,9563365282215
Italie;2021-05-01;144,5364238410596
Allemagne;2021-06-01;128,7651563497128
Espagne;2021-06-01;135,3016894609815
France;2021-06-01;119,0894568690096
Italie;2021-06-01;144,8675496688742
Allemagne;2021-07-01;129,3873643905552
Espagne;2021-07-01;133,6604987932422
France;2021-07-01;120,0212992545261
Italie;2021-07-01;144,8675496688742
Allemagne;2021-08-01;129,8819400127632
Espagne;2021-08-01;134,3362831858407
France;2021-08-01;119,0495207667732
Italie;2021-08-01;144,8675496688742
Allemagne;2021-09-01;131,0944479897894
Espagne;2021-09-01;134,8994368463395
France;2021-09-01;119,9680511182109
Italie;2021-09-01;145,1986754966887
Allemagne;2021-10-01;132,0516911295469
Espagne;2021-10-01;135,4143201930813
France;2021-10-01;119,9148029818956
Italie;2021-10-01;145,5298013245033
Allemagne;2021-11-01;133,0727504786216
Espagne;2021-11-01;135,7522123893805
France;2021-11-01;120,1677316293930
Italie;2021-11-01;146,0264900662252
Allemagne;2021-12-01;133,7747287811104
Espagne;2021-12-01;136,1705551086082
France;2021-12-01;120,1677316293930
Italie;2021-12-01;146,6887417218543
Allemagne;2022-01-01;134,8117421825144
Espagne;2022-01-01;139,0989541432019
France;2022-01-01;121,8184238551651
Italie;2022-01-01;147,6821192052980
Allemagne;2022-02-01;136,6624122527122
Espagne;2022-02-01;140,3861625100563
France;2022-02-01;122,2710330138445
Italie;2022-02-01;149,0066225165563
Allemagne;2022-03-01;138,3216336949585
Espagne;2022-03-01;141,2067578439260
France;2022-03-01;122,8301384451544
Italie;2022-03-01;149,5033112582782
Allemagne;2022-04-01;139,5022335673261
Espagne;2022-04-01;142,6709573612229
France;2022-04-01;123,7087326943557
Italie;2022-04-01;150,1655629139073
Allemagne;2022-05-01;140,0446713465220
Espagne;2022-05-01;143,7811745776348
France;2022-05-01;124,5873269435570
Italie;2022-05-01;150,9933774834437
Allemagne;2022-06-01;140,4435226547543
Espagne;2022-06-01;144,7787610619469
France;2022-06-01;125,1198083067093
Italie;2022-06-01;151,4900662251656
Allemagne;2022-07-01;141,6081684747926
Espagne;2022-07-01;146,0659694288013
France;2022-07-01;126,0649627263046
Italie;2022-07-01;153,1456953642384
Allemagne;2022-08-01;142,1506062539885
Espagne;2022-08-01;146,6613032984714
France;2022-08-01;126,6906283280085
Italie;2022-08-01;154,6357615894040
Allemagne;2022-09-01;143,3631142310147
Espagne;2022-09-01;148,4633950120676
France;2022-09-01;126,9834930777423
Italie;2022-09-01;155,7947019867550
Allemagne;2022-10-01;144,2405871091257
Espagne;2022-10-01;149,2196299275945
France;2022-10-01;127,9685835995740
Italie;2022-10-01;156,4569536423841
Allemagne;2022-11-01;145,5009572431398
Espagne;2022-11-01;150,8447304907482
France;2022-11-01;128,7539936102236
Italie;2022-11-01;157,4503311258278
Allemagne;2022-12-01;146,4741544352266
Espagne;2022-12-01;151,9710378117458
France;2022-12-01;129,3929712460064
Italie;2022-12-01;159,1059602649007
Allemagne;2023-01-01;146,7613273771538
Espagne;2023-01-01;153,4674175382140
France;2023-01-01;130,6043663471778
Italie;2023-01-01;159,9337748344371
Allemagne;2023-02-01;147,1282705807275
Espagne;2023-02-01;153,9340305711987
France;2023-02-01;130,5644302449414
Italie;2023-02-01;160,9271523178808
Allemagne;2023-03-01;148,5162731333759
Espagne;2023-03-01;154,5615446500402
France;2023-03-01;131,1501597444089
Italie;2023-03-01;161,5894039735099
Allemagne;2023-04-01;149,2182514358647
Espagne;2023-04-01;155,2212389380531
France;2023-04-01;131,2699680511182
Italie;2023-04-01;162,2516556291391
Allemagne;2023-05-01;150,0159540523293
Espagne;2023-05-01;155,2534191472245
France;2023-05-01;130,6443024494143
Italie;2023-05-01;162,5827814569537
Allemagne;2023-06-01;150,9891512444161
Espagne;2023-06-01;156,0740144810941
France;2023-06-01;130,5111821086262
Italie;2023-06-01;162,9139072847682
Allemagne;2023-07-01;151,9304403318443
Espagne;2023-07-01;155,3499597747386
France;2023-07-01;130,1650692225772
Italie;2023-07-01;163,7417218543046
Allemagne;2023-08-01;152,6643267389917
Espagne;2023-08-01;156,3636363636364
France;2023-08-01;130,4313099041534
Italie;2023-08-01;164,0728476821192
Allemagne;2023-09-01;153,0472239948947
Espagne;2023-09-01;156,3153660498793
France;2023-09-01;130,4712460063898
Italie;2023-09-01;164,2384105960265
Allemagne;2023-10-01;154,1799617102744
Espagne;2023-10-01;155,7843925985519
France;2023-10-01;130,0186368477103
Italie;2023-10-01;164,7350993377484
Allemagne;2023-11-01;154,4033184428845
Espagne;2023-11-01;156,0257441673371
France;2023-11-01;130,0452609158679
Italie;2023-11-01;164,9006622516556
Allemagne;2023-12-01;154,8021697511168
Espagne;2023-12-01;156,8624296057924
France;2023-12-01;129,7923322683706
Italie;2023-12-01;164,9006622516556
Allemagne;2024-01-01;154,4352265475431
Espagne;2024-01-01;158,0691874497184
France;2024-01-01;130,2449414270500
Italie;2024-01-01;165,5629139072848
Allemagne;2024-02-01;155,0255264837269
Espagne;2024-02-01;158,1013676588898
France;2024-02-01;130,4179978700745
Italie;2024-02-01;165,7284768211921
Allemagne;2024-03-01;154,5947670708360
Espagne;2024-03-01;158,1496379726468
France;2024-03-01;130,9238551650692
Italie;2024-03-01;165,7284768211921
Allemagne;2024-04-01;153,5737077217613
Espagne;2024-04-01;157,9726468222044
France;2024-04-01;131,3365282215122
Italie;2024-04-01;165,7284768211921
Allemagne;2024-05-01;153,3343969368219
Espagne;2024-05-01;157,8278358809332
France;2024-05-01;131,3764643237486
Italie;2024-05-01;165,8940397350993
Allemagne;2024-06-01;153,3343969368219
Espagne;2024-06-01;157,8921962992760
France;2024-06-01;131,7758253461129
Italie;2024-06-01;165,8940397350993
Allemagne;2024-07-01;153,9566049776643
Espagne;2024-07-01;158,5518905872888
France;2024-07-01;132,0154419595314
Italie;2024-07-01;165,8940397350993
Allemagne;2024-08-01;154,4033184428845
Espagne;2024-08-01;158,4231697506034
France;2024-08-01;131,9888178913738
Italie;2024-08-01;165,7284768211921
Allemagne;2024-09-01;155,8551372048500
Espagne;2024-09-01;158,4714400643604
France;2024-09-01;131,5761448349308
Italie;2024-09-01;165,8940397350993
Allemagne;2024-10-01;156,0146777281429
Espagne;2024-10-01;158,8897827835881
France;2024-10-01;131,7492012779553
Italie;2024-10-01;165,8940397350993
Allemagne;2024-11-01;156,7485641352904
Espagne;2024-11-01;159,0828640386163
France;2024-11-01;132,1751863684771
Italie;2024-11-01;165,8940397350993
Allemagne;2024-12-01;157,1793235481812
Espagne;2024-12-01;159,1794046661303
France;2024-12-01;132,0686900958466
Italie;2024-12-01;165,5629139072848
Allemagne;2025-01-01;157,8174856413529
Espagne;2025-01-01;159,8230088495575
France;2025-01-01;134,0122470713525
Italie;2025-01-01;165,8940397350993
Allemagne;2025-02-01;157,4824505424378
Espagne;2025-02-01;160,1930812550281
France;2025-02-01;133,5729499467519
Italie;2025-02-01;165,7284768211921
Allemagne;2025-03-01;158,1365666879387
Espagne;2025-03-01;160,0000000000000
France;2025-03-01;133,3732694355697
Italie;2025-03-01;165,8940397350993
Allemagne;2025-04-01;158,8704530950862
Espagne;2025-04-01;160,2735317779565
France;2025-04-01;133,4797657082002
Italie;2025-04-01;165,7284768211921
Allemagne;2025-05-01;159,0619017230377
Espagne;2025-05-01;160,4344328238134
France;2025-05-01;133,3599574014909
Italie;2025-05-01;165,5629139072848
Allemagne;2025-06-01;159,2693044033184
Espagne;2025-06-01;160,5631536604988
France;2025-06-01;133,2667731629393
Italie;2025-06-01;165,5629139072848
Allemagne;2025-07-01;159,7160178685386
Espagne;2025-07-01;161,0136765888978
France;2025-07-01;133,1336528221512
Italie;2025-07-01;165,5629139072848
Allemagne;2025-08-01;159,9074664964901
Espagne;2025-08-01;161,4481094127112
France;2025-08-01;132,9206602768903
Italie;2025-08-01;165,5629139072848
Allemagne;2025-09-01;160,0350989151245
Espagne;2025-09-01;161,5607401448109
France;2025-09-01;133,0537806176784
Italie;2025-09-01;165,5629139072848
Allemagne;2025-10-01;160,4179961710275
Espagne;2025-10-01;161,2067578439260
France;2025-10-01;132,3482428115016
Italie;2025-10-01;165,3973509933775
Allemagne;2025-11-01;161,8538608806637
Espagne;2025-11-01;161,9790828640386
France;2025-11-01;132,5212992545261
Italie;2025-11-01;165,3973509933775
Allemagne;2025-12-01;161,9176770899809
Espagne;2025-12-01;162,3169750603379
France;2025-12-01;132,3881789137380
Italie;2025-12-01;165,2317880794702
Allemagne;2026-01-01;161,8857689853223
Espagne;2026-01-01;163,0571198712792
France;2026-01-01;132,6810436634718
Italie;2026-01-01;165,3973509933775
Allemagne;2026-02-01;161,9814932992980
Espagne;2026-02-01;163,6041834271923
France;2026-02-01;133,1203407880724
Italie;2026-02-01;165,5629139072848
Allemagne;2026-03-01;162,2208040842374
Espagne;2026-03-01;164,0547063555913
France;2026-03-01;133,1869009584665
Italie;2026-03-01;165,5629139072848
Allemagne;2026-04-01;162,7791959157626
Espagne;2026-04-01;164,6017699115044
France;2026-04-01;133,3200212992545
Italie;2026-04-01;165,5629139072848
Allemagne;2026-05-01;162,9706445437141
Espagne;2026-05-01;164,1029766693484
France;2026-05-01;133,1070287539936
Italie;2026-05-01;165,5629139072848
